"Title","model family","model name","date created","organization","innovation","pretraining architecture","pretraining task","fine-tuning task","optimizer","number of parameters","maximum number of parameters (in million)","hardware used","extension","blog post","license","research problem"
"Improving Language Understanding by Generative Pre-Training - Contribution","GPT","GPT-1","2018-06-01","OpenAI","The paper introduces a framework for natural language understanding by first using generative pre-training on a diverse corpus and then fine-tuning for specific tasks. This approach improved state-of-the-art results on 9 out of 12 datasets, highlighting the potential of unsupervised learning combined with discriminative tasks.","Decoder","Causal language modeling","Supervized discriminative finetuning","Adam optimizer","117M","117","","","https://medium.com/@hyponymous/paper-summary-improving-language-understanding-by-generative-pre-training-7b77babd7086, https://www.reddit.com/r/MachineLearning/comments/n36htr/p_gpt1_annotated_paper_paper_summary/","closed source","Large Language Models (LLMs), transformer model"
"BERT: Pre-training of Deep Bidirectional Transformers for Language Understanding - Contribution 1","BERT","BERT","2018-10-01","Google","BERT's primary innovation in Language Model Learning is the "masked language model" (MLM) approach, inspired by the Cloze task. This method masks random tokens in a sentence and trains the model to predict them, enabling bidirectional context understanding.","Encoder","Next Sentence Prediction, Masked Language Modeling","","Adam optimizer","Base = 110M, Large = 340M","340","","","https://colab.research.google.com/github/NielsRogge/Transformers-Tutorials/blob/master/BERT/Fine_tuning_BERT_(and_friends)_for_multi_label_text_classification.ipynb, https://www.philschmid.de/bert-text-classification-in-a-different-language","Open, Apache 2.0","Large Language Models (LLMs), transformer model"
"Transformer-XL: Attentive Language Models Beyond a Fixed-Length Context - Contribution","","Transformer XL","2019-01-01","Google, CMU","Transformer-XL introduces a segment-level recurrence mechanism and a novel positional encoding scheme to overcome the fixed-length context limitations of traditional Transformers. This allows it to capture dependencies 80% longer than RNNs and 450% longer than vanilla Transformers, addressing context fragmentation and improving efficiency in language modeling.","Decoder","Causal language modeling","","","151M","151","","Relative positioned embeddings enable longer-context attention when compared to vanilla Transformer model","https://ai.googleblog.com/2019/01/transformer-xl-unleashing-potential-of.html","N/A","Large Language Models (LLMs), transformer model"
"Language models are unsupervised multitask learners - Contribution","GPT","GPT-2","2019-02-01","OpenAI","It can generate upto 768 words (equivalent to 1 1/2 page), demonstrate that language models begin to learn tasks such as question answering, machine translation, reading comprehension, and summarization without any explicit supervision when trained on a task-agnostic, diverse dataset of millions of web-scraped webpages. The work proposes a central research question: do WebText LMs transfer well across domains and datasets?","Decoder","Causal language modeling","","","124M, 355M, 774M, 1.5B","1500","","GPT-2 is a direct scale-up of GPT, with more than 10X the parameters and trained on more than 10X the amount of data., Minor extensions to the GPT architecture (e.g. layer normalization moved to the input of each sub-layer, or increased context size from 512 to 1024)","https://openai.com/research/better-language-models, https://www.philschmid.de/fine-tune-a-non-english-gpt-2-model-with-huggingface","closed source","Large Language Models (LLMs), transformer model"
"XLNet: Generalized Autoregressive Pretraining for Language Understanding - Contribution","Transformer XL","XLNet","2019-05-01","Google, CMU","XLNet introduces a generalized autoregressive pretraining method that captures bidirectional context by considering all possible permutations of the factorization order. This approach overcomes BERT's limitations related to data corruption and token independence. Additionally, XLNet integrates techniques from Transformer-XL and offers architectural improvements for permutation-based modeling.","Decoder","Causal language modeling","","Adam weight decay optimizer","Base=117M, Large=360M","360","TPUv3","This model basically adapts Transformer XL architecture to permutation-based LM","https://towardsdatascience.com/xlnet-explained-in-simple-terms-255b9fb2c97c","Open, MIT license","Large Language Models (LLMs), transformer model"
"ERNIE: Enhanced Language Representation with Informative Entities - LLM","BERT","ERNIE","2019-05-01","Pengcheng Lab, Baidu","ERNIE innovatively incorporates knowledge from knowledge graphs (KGs) into language representation models. It fuses lexical, syntactic, and knowledge information, enabling enhanced performance on knowledge-driven tasks. This approach sets ERNIE apart from traditional models like BERT, which primarily rely on textual context.","Encoder","Masked Language Modeling","","Adam optimizer","Ernie-ViLG 2.0 = 10B, Ernie 3.0 Titan = 260B","260000","","Uses BERT for Encoder architecture, but stacks and aggregates
two of them for text and entities. This architecture could be
understood as BERT for text + knowledge graphs","http://research.baidu.com/Blog/index-view?id=160","closed source","Large Language Models (LLMs), transformer model"
"RoBERTa: A Robustly Optimized BERT Pretraining Approach - Contribution","BERT","RoBERTa","2019-07-01","Google, University of Washington","The work introduced RoBERTa, an improved version of BERT, by optimizing design choices: extending training duration, removing the next sentence prediction objective, and dynamically altering the masking pattern. These modifications led RoBERTa to achieve state-of-the-art results on benchmarks like GLUE, RACE, and SQuAD, emphasizing the importance of refining pretraining strategies in Large Language Models.","Encoder","Masked Language Modeling","","Adam optimizer","125M Base, and 356M Large","356","","Extension of BERT with optimized training procedure and more data","https://ai.facebook.com/blog/roberta-an-optimized-method-for-pretraining-self-supervised-nlp-systems/","N/A","Large Language Models (LLMs), transformer model"
"ALBERT: A Lite BERT for Self-supervised Learning of Language Representations - Contribution","BERT","ALBERT","2019-09-01","Google","The main innovation of the work is ALBERT, a language model that improves on existing large models like BERT by employing parameter reduction techniques, such as factorized embeddings and cross-layer parameter sharing. This allows ALBERT to achieve better performance and efficiency on natural language understanding tasks by training larger models with fewer parameters.","Encoder","Next Sentence Prediction, Masked Language Modeling","","LAMB optimizer","Base = 12M, Large = 18M, XLarge = 60M","60","Cloud TPUv3","Compressed version of BERT using parameter sharing, which is much more efficient given the same number of parameters","https://ai.googleblog.com/2019/12/albert-lite-bert-for-self-supervised.html","Open, Apache 2.0","Large Language Models (LLMs), transformer model"
"CTRL: A Conditional Transformer Language Model for Controllable Generation - Contribution","","CTRL","2019-09-01","Salesforce","The main innovation of the work in the context of LLMs appears to involve advancements in model architecture, training techniques, and multitask learning to enhance the performance, efficiency, and ethical considerations of language models.","Decoder","Causal language modeling","","Adagrad optimizer","1.63B","1630","Cloud TPUv3","model can generate text conditioned on control codes that specify domain, style, topics, dates, entities, relationships between entities, plot points, and task-related behavior","https://blog.salesforceairesearch.com/introducing-a-conditional-transformer-language-model-for-controllable-generation/","Open, BSD-3-Clause license","Large Language Models (LLMs), transformer model"
"Highly accurate protein structure prediction with AlphaFold - Contribution","SE(3)-Transformer","AlphaFold","2019-09-01","Deepmind","The main innovation of "Highly accurate protein structure prediction with AlphaFold" is the creation of AlphaFold, a deep learning model that accurately predicts protein structures. This extends the capabilities of Large Language Models by showcasing their potential to solve complex scientific challenges beyond language-related tasks, marking a significant advancement in the intersection of machine learning and biology.","Encoder","Protein folding prediction of BERT using parameter
sharing, which is much more efficient given the same number of parameters","","","b12M, Large = 18M, XLarge = 60M","60","","The original Alphafold used a BERT-style transformer. The details of Alphafold’s Transformer are not known, but it is believed it is an extension of the SE(3)-Tranformer, a 3-D equivariant Transformer (see this blog post).","https://www.deepmind.com/publications/highly-accurate-protein-structure-prediction-with-alphafold, https://fabianfuchsml.github.io/alphafold2/","Apache 2.0","Large Language Models (LLMs), transformer model"
"BART: Denoising Sequence-to-Sequence Pre-training for Natural Language Generation, Translation, and Comprehension - Contribution","BERT for encoder, GPT for Decoder","BART","2019-10-01","Facebook","The main innovation of the work is the introduction of BART, a pre-training approach that combines bidirectional and auto-regressive modeling. BART excels in generating coherent text, making it particularly effective for tasks like summarization, leveraging denoising tasks for multi-task learning, and achieving state-of-the-art results in text generation, especially abstractive summarization.","Encoder/Decoder","denoising autoencoder","","","Base = 140M, Large = 400M. In general, roughly 10%
larger than BART for equivalent architectures","400","","It can be seen as a generalization of BERT and GPT in that it combines ideas from both in the encoder and decoder","","Open, Apache 2.0","Large Language Models (LLMs), transformer model"
"DialoGPT: Large-Scale Generative Pre-training for Conversational Response Generation - Contribution","GPT","DialoGPT","2019-10-01","Microsoft","The main innovation of this work is DialoGPT, a large language model designed for open-domain conversations. DialoGPT is trained on a Reddit dataset, allowing it to generate coherent responses in multi-turn dialogues and adapt to different conversational domains through fine-tuning. It addresses context handling, offensive content mitigation, and employs human evaluation to assess its performance and variants.","Decoder","Causal language modeling","","","117M, 345M and 762M","762","Nvidia V100 GPU","GPT-2 architecture trained on dialog data","https://huggingface.co/microsoft/DialoGPT-medium?text=Hey+my+name+is+Mariama%21+How+are+you%3F","Open, MIT license","Large Language Models (LLMs), transformer model"
"DistilBERT, a distilled version of BERT: smaller, faster, cheaper and lighter - Contribution","BERT","DistilBERT","2019-10-01","Huggingface","The main innovation of this work is the creation of DistilBERT, a smaller language model derived from BERT using knowledge distillation during pre-training. It retains 97% of BERT's performance while being 40% smaller and 60% faster, making it efficient for on-device tasks and resource-constrained environments, thus addressing challenges related to large-scale language models' deployment.","Encoder","Masked Language Modeling, Next Sentence Prediction","","","66M","66","Nvidia V100 GPU","Compressed version of BERT using distillation, which is much more efficient given the same number of parameters","https://medium.com/huggingface/distilbert-8cf3380435b5","Open, Apache 2.0","Large Language Models (LLMs), transformer model"
"Exploring the limits of transfer learning with a unified text-to-text transformer - Contribution","T5","T5","2019-10-01","Google","The main innovation of Google's T5 language model is its "text-to-text" framework, where various tasks are formulated as converting input text to output text. This unified approach allows T5 to achieve state-of-the-art performance on diverse tasks without task-specific modifications, simplifying training and deployment. This innovation enhances efficiency and effectiveness in real-world applications of large language models.","Encoder/Decoder","Span Corruption","finetuning on downstream tasks one at a time","AdaFactor","60M, 220M, 770M, 3B, and 11B","11000","TPUv3","Same as original Transformer with some additions such as relative positional embeddings like Transformer XL","https://ai.googleblog.com/2020/02/exploring-transfer-learning-with-t5.html","Apache 2.0","Large Language Models (LLMs), transformer model"
"Unsupervised Cross-lingual Representation Learning at Scale - Contribution","RoBERTa","XLM-RoBERTa","2019-10-01","Facebook","The main innovation of the work is the development of the XLM-R model, trained on data from 100 languages, achieving superior performance on cross-lingual tasks. The research highlights the challenges of scaling multilingual models and suggests that increasing model capacity can address some limitations. This approach is especially beneficial for low-resource languages.","Encoder","Masked Language Modeling","","","Base = 270M Large = 550M","550","NVIDIA V100 (32GB) GPUs","An extension of RoBERTa that introduces small parameter tuning insights in the context of multilingual applications","https://ai.meta.com/blog/-xlm-r-state-of-the-art-cross-lingual-understanding-through-self-supervision/","","Large Language Models (LLMs), transformer model"
"PEGASUS: Pre-training with Extracted Gap-sentences for Abstractive Summarization - Contribution","Transformer","Pegasus","2019-12-01","Google, Imperial College London","PEGASUS introduces a novel pre-training objective called Gap Sentence Generation (GSG), where "important" sentences are removed from a document and the model is trained to regenerate them. The method of selecting these principal sentences is based on their relevance to the entire document, measured using the ROUGE1-F1 score. This unique approach tailors the model for abstractive summarization, achieving state-of-the-art performance on various tasks.","Encoder/Decoder","DAE (more concretely GSG) and MLM","","Adam optimizer","Base = 223M Large = 568M","568","","PEGASUS introduces a novel pre-training objective called Gap Sentence Generation (GSG), extending vanilla Transformers, where "important" sentences are removed from a document and the model is trained to regenerate them. The method of selecting these principal sentences is based on their relevance to the entire document, measured using the ROUGE1-F1 score. This unique approach tailors the model for abstractive summarization, achieving state-of-the-art performance on various tasks.","https://ai.googleblog.com/2020/06/pegasus-state-of-art-model-for.html","N/A","Large Language Models (LLMs), transformer model"
"Multilingual Denoising Pre-training for Neural Machine Translation - Contribution","BART","mBART","2020-01-01","Facebook","mBART introduces a multilingual denoising pre-training method for neural machine translation using a sequence-to-sequence auto-encoder model. Unlike other models like XLM and MASS, mBART pre-trains both the encoder and decoder, making it more adaptable for translation tasks. The model's versatility is further showcased by its ability to handle various levels of multilinguality, from monolingual to 25 languages.","Encoder/Decoder","denoising autoencoder","","Adam optimizer","Same as BART","","NVIDIA V100 (32GB) GPUs","mBART introduces a multilingual denoising pre-training method for neural machine translation using a sequence-to-sequence auto-encoder model. Unlike other models like XLM and MASS, mBART pre-trains both the encoder and decoder, making it more adaptable for translation tasks. The model's versatility is further showcased by its ability to handle various levels of multilinguality, from monolingual to 25 languages.","https://medium.com/syncedreview/facebook-ai-mbart-the-tower-of-babels-silicon-solution-610dfb494f98","Open, MIT license","Large Language Models (LLMs), transformer model"
"ELECTRA: Pre-training Text Encoders as Discriminators Rather Than Generators - Contribution","BERT","ELECTRA","2020-03-01","Google, Stanford","ELECTRA introduces a novel pre-training task called "replaced token detection" where, instead of masking tokens like in BERT, input tokens are replaced with plausible alternatives from a generator network. The model then acts as a discriminator, predicting if each token was replaced or original. This approach is more computationally efficient than traditional Masked Language Modeling (MLM) and offers superior performance, especially for smaller models.","Encoder","replaced token detection","","","Small = 14M, Base = 110M, Large = 335M","335","TPUv3, Nvidia V100 GPU","Applied new training techniques including Replaced Token
Detection","https://sh-tsang.medium.com/brief-review-electra-pre-training-text-encoders-as-discriminators-rather-than-generators-9568050d3a86","Open, Apache 2.0","Large Language Models (LLMs), transformer model"
"Megatron-LM: Training Multi-Billion Parameter Language Models Using Model Parallelism - Contribution","T5, BERT, GPT","Megatron","2020-03-01","NVidia","Megatron-LM introduces an efficient intra-layer model parallelism approach for training large transformer models. Implemented seamlessly in PyTorch without custom modifications, it allows for the training of models with billions of parameters, achieving state-of-the-art results on datasets like WikiText103 and LAMBADA. This innovation pushes the boundaries of Large Language Models, offering a scalable solution for the research community.","Encoder or Decorder, depending on the base model","Same as base model","","","8.3B (GPT-like), 3.9B (BERT-like)","8300","Tesla V100 (32GB) GPU","Megatron is a family of models that extend previously known architectures (namely GPT-2 and BERT originally, but also T5 more recently) by introducing model parallelism primitives. In the case of BERT, the authors also replace the next sentence prediction head with sentence order prediction and use whole word n-gram masking.","https://developer.nvidia.com/blog/scaling-language-model-training-to-a-trillion-parameters-using-megatron/, https://huggingface.co/blog/megatron-training","Limited, Non-commercial usage","Large Language Models (LLMs), transformer model"
"Language Models are Few-Shot Learners - Contribution","GPT","GPT-3","2020-05-01","OpenAI","GPT-3's primary innovation in the context of Large Language Models is its exceptional few-shot learning capabilities, allowing it to make accurate predictions using just a natural language prompt and a few task demonstrations. The model also introduced prompt-based and in-context learning methodologies. However, its vast size (175B parameters) poses challenges for real-world applications., It can generate upto 1,536 words (equivalent to 3 pages)","Decoder","Causal language modeling","","","125M, 350M, 774M, 1.3B, 2.7B, 6.7B, 13B, 175B","175000","Nvidia V100 GPU","Same as GPT-2 with the only addition of alternating dense and locally banded sparse attention patterns, inspired by the Sparse Transformer","https://medium.com/analytics-vidhya/openai-gpt-3-language-models-are-few-shot-learners-82531b3d3122, https://openai.com/blog/gpt-3-apps","closed source","Large Language Models (LLMs), transformer model"
"Deberta: Decoding-enhanced bert with disentangled attention - Contribution 1","BERT","DeBERTa","2020-06-01","Microsoft","The DeBERTa model introduces a disentangled attention mechanism, representing each word with separate vectors for content and position. It also incorporates an Enhanced Mask Decoder for better prediction of masked tokens during pre-training. These innovations lead to improved efficiency and performance over models like BERT and RoBERTa.","Encoder","Masked Language Modeling","","Adam optimizer","100M (Base), 350M (Large), 700M (X-large), and 1.5B (XX-large)","1500","Nvidia V100 GPU","Separate positional embedding vector independent from the
content embedding using disentangled attention matrices for contents and
relative positions","https://www.microsoft.com/en-us/research/blog/microsoft-deberta-surpasses-human-performance-on-the-superglue-benchmark/","Open, MIT license","Large Language Models (LLMs), transformer model"
"Big Bird: Transformers for Longer Sequences - Contribution","BERT","Big Bird","2020-07-01","Google","BigBird introduces a sparse attention mechanism, allowing it to efficiently handle sequences up to 8 times longer than traditional models like BERT. It combines global, sliding window, and random attention patterns to capture both local and long-range dependencies. This innovation enables superior performance on various NLP tasks without sacrificing efficiency.","Encoder","Masked Language Modeling","","","Depends on the overall architecture","","","Big Bird can extend other architectures such as BERT, Pegasus, or RoBERTa by using a sparse attention mechanism that elminates the quadratic dependency thus making it more suitable for longer sequences","https://ai.googleblog.com/2021/03/constructing-transformers-for-longer.html, https://huggingface.co/blog/big-bird","Open, Apache 2.0","Large Language Models (LLMs), transformer model"
"An Image is Worth 16x16 Words: Transformers for Image Recognition at Scale - Contribution","BERT","ViT","2020-10-01","Google","The Vision Transformer (ViT) applies Transformers, typically used in NLP, directly to image patches without image-specific biases. It excels when pre-trained on larger datasets, outperforming traditional convolutional models like ResNets. This approach challenges the dominance of convolutional architectures in computer vision, mirroring the Transformer's rise in NLP.","Encoder","image classification","","Adam optimizer","86M(Base) to 632M (Huge)","632","Cloud TPUv3","Extension of BERT architecture to train on patches of images","https://www.v7labs.com/blog/vision-transformer-guide","N/A","Large Language Models (LLMs), transformer model"
"Zero-Shot Text-to-Image Generation - Contribution","GPT","DALL-E","2021-01-01","OpenAI","The paper introduces a model with remarkable generalization, capable of creatively interpreting and combining unusual textual concepts into images. It also demonstrates combinatorial generalization and zero-shot image-to-image translation controlled by natural language, showcasing advancements in LLMs for text-to-image synthesis.","Decoder","Caption prediction","","Adam optimizer","12B","12000","NVIDIA V100 (16GB) GPU","A differential variational auto-encoder is used to learn the visual codebook. The transformer is a variation of GPT-3","https://openai.com/blog/dall-e/, https://ml.berkeley.edu/blog/posts/dalle2/","N/A","Large Language Models (LLMs), transformer model"
"Switch Transformers: Scaling to Trillion Parameter Models with Simple and Efficient Sparsity - Contribution","T5","Switch","2021-01-01","Google","The Switch Transformer introduces a sparsely-activated model approach, enhancing the Mixture of Experts (MoE) models by simplifying their routing algorithm and reducing computational costs. It enables training large models with lower precision formats like bfloat16 and achieves up to 7x faster pre-training speeds. This innovation pushes LLM boundaries, scaling up to trillion parameter models with significant efficiency gains.","Encoder/Decoder","denoising autoencoder","","","1T","1000000","TPUv3","Goal to increase parameter count while keeping FLOP operations constant by using efficient routing of MoE (Mixture of Experts)","https://www.alexanderthamm.com/en/blog/switch-transformer-upscaling-to-over-a-billion-parameters/","Open, Apache 2.0","Large Language Models (LLMs), transformer model"
"Learning Transferable Visual Models From Natural Language Supervision - Contribution","Also using Resnet, ViT, and vanilla transformer for text, CLIP","CLIP","2021-02-01","OpenAI","CLIP, in the context of Large Language Models, introduces a novel approach by leveraging natural language supervision with a dataset of 400 million (image, text) pairs. It excels in zero-shot learning, allowing it to classify images using textual descriptions without prior training on specific categories. This integration of vision and language offers a flexible, scalable solution with potential for diverse applications.","Encoder","predict which of the N × N possible (image, text) pairings across a batch actually occurred","","Adam optimizer","","","Nvidia V100 GPU","Combines Resnet and ViT for the visual encoding with Transformer for the Textual encoder","https://openai.com/research/clip, https://medium.com/axinc-ai/clip-learning-transferable-visual-models-from-natural-language-supervision-4508b3f0ea46","Open, MIT license","Large Language Models (LLMs), transformer model"
"GPT-Neo: Large Scale Autoregressive Language Modeling with Mesh-Tensorflow - Contribution","GPT","GPT-Neo","2021-03-01","EleutherAI","GPT-Neo by EleutherAI is an open-source alternative to proprietary models like GPT-3. Trained on the diverse "The Pile" dataset, its significance lies in democratizing access to large language models, fostering community-driven development, and promoting ethical considerations in AI research.","Decoder","Causal language modeling","","","125M, 350M, 1.3B, and 2.7B","2700","","Similar to GPT-2 but uses local attention in every other layer with a window size of 256 tokens","https://huggingface.co/blog/few-shot-learning-gpt-neo-and-inference-api, https://www.section.io/engineering-education/leveraging-gptneo-to-generate-ai-based-blog-content/","Open, MIT license","Large Language Models (LLMs), transformer model"
"Swin Transformer: Hierarchical Vision Transformer Using Shifted Windows - Contribution","ViT","Swin Transformer","2021-03-01","Microsoft","The Swin Transformer introduces a hierarchical representation for visual elements of varying scales and achieves linear computational complexity by computing self-attention within non-overlapping, shifted windows. This design efficiently adapts the Transformer architecture for high-resolution images, making it a robust backbone for computer vision tasks. The shifted window approach enhances modeling power while ensuring lower latency.","Encoder","Same as ViT","","AdamW","Swin-Tiny (29M), Swin-Small (50M), Swin-Base (88M), and Swin-Large (197M)","197","Nvidia V100 GPU","Extends ViT by replacing the standard multi-head self attention (MSA) module by a module based on shifted windows (Swin) allowing ViT-like architectures to generalize to higher resolution images","https://www.section.io/engineering-education/an-overview-of-swin-transformer/","Open, MIT license","Large Language Models (LLMs), transformer model"
"GPT-J-6B: A 6 billion parameter autoregressive language model - Contribution 1","GPT","GPT-J","2021-05-01","EleutherAI","GPT-J-6B by EleutherAI stands out for its open-source accessibility, training on the diverse "Pile" dataset, and its development by an independent research organization. The model emphasizes democratization in AI, showcasing that state-of-the-art advancements aren't limited to large corporations. EleutherAI's transparent approach and emphasis on open research further distinguish GPT-J in the LLM landscape.","Decoder","Causal language modeling","","","6B","6000","TPU v3-256 pod","GPT-J 6B is a Transformer model trained using Mesh Transformer
JAX and same tokenizer as GPT2/3","https://en.wikipedia.org/wiki/GPT-J","Apache 2.0","Large Language Models (LLMs), transformer model"
"Decision Transformer: Reinforcement Learning via Sequence Modeling - Contribution","GPT, Control Transformers” (not per se a family, but grouping here those transformers that try to model more general control, RL-like, tasks)","Decision Transformers","2021-06-01","Facebook, Google, UC Berkeley","The Decision Transformer reframes Reinforcement Learning (RL) as a sequence modeling task, leveraging the Transformer architecture used in Large Language Models like GPT. It autoregressively models trajectories by conditioning on desired returns, past states, and actions, enabling it to generate optimal future actions. This approach offers a simplified and scalable solution to RL, especially in sparse reward settings.","Decoder","Next action prediction","","AdamW","Same as GPT","","","Decision transformers use a GPT architecture and extend it by encoding trajectories in a way that they can be learned by an auto-regressive task","https://sites.google.com/berkeley.edu/decision-transformer","Open, MIT license","Large Language Models (LLMs), transformer model"
"Offline Reinforcement Learning as One Big Sequence Modeling Problem - Contribution","GPT, Control Transformers” (not per se a family, but grouping here those transformers that try to model more general control, RL-like, tasks)","Trajectory Transformers","2021-06-01","UC Berkeley","The paper presents a novel approach to reinforcement learning (RL) by treating it as a sequence modeling problem. Using the Transformer architecture, traditionally employed in natural language processing, they model trajectories in RL tasks. This perspective simplifies design decisions and proves versatile across various RL challenges, including long-horizon tasks.","Decoder","predict most likely sequence","","Adam optimizer","Smaller architecture than GPT","","","Similarly to the Decision transformers, the main extension introduced by Trajectory Transformers is a way to encode a trajectory (state, actions, rewards)","https://bair.berkeley.edu/blog/2021/11/19/trajectory-transformer/","Open, MIT license","Large Language Models (LLMs), transformer model"
"HTLM: Hyper-Text Pre-Training and Prompting of Language Models - Contribution","BART","HTLM","2021-07-01","Facebook","The HTLM model's primary innovation is its ability to directly model hyper-text (HTML) from web crawls, enabling structured prompting and auto-prompting. This approach leverages the inherent structure of HTML for tasks like zero-shot summarization and offers improved performance and data efficiency compared to traditional Large Language Models.","Encoder/Decoder","denoising autoencoder","","Adam optimizer","400M","400","","As opposed to BART, they don’t do sentence shuffling","","N/A","Large Language Models (LLMs), transformer model"
"Jurassic-1: Technical details and evaluation - Contribution","GPT","Jurassic-1","2021-09-01","AI21","The Jurassic-1 model's primary innovation in the context of Large Language Models is its enhanced tokenization efficiency, achieved through a larger 256K vocabulary SentencePiece tokenizer. This tokenizer captures a mix of word pieces, whole words, and multi-word expressions, allowing Jurassic-1 to represent text with 28% fewer tokens than GPT-3, leading to faster processing and broader domain prediction capabilities.","Decoder","Causal language modeling","","","178B (Jumbo), 17B (Grande), 7.5B (Large)","178000","graphics processing unit","Very similar to GPT-3, but far more parameters and improved training efficiency mostly because of the improved tokenizer. Also, different ratio of depth to breadth","https://www.ai21.com/blog/ai21-studio-use-cases, https://www.ai21.com/blog/announcing-ai21-studio-and-jurassic-1","Closed source, accessible through API","Large Language Models (LLMs), transformer model"
"Using DeepSpeed and Megatron to Train Megatron-Turing NLG 530B, A Large-Scale Generative Language Model - Contribution","GPT","Megatron-Turing NLG","2021-10-01","NVidia","The Megatron-Turing NLG 530B (MT-NLG) is the largest monolithic language model trained to date with 530 billion parameters. It was developed using advanced 3D parallelism techniques, a collaboration between NVIDIA Megatron-LM and Microsoft DeepSpeed. The model showcases superior in-context learning capabilities and sets new benchmarks in zero-shot and few-shot learning.","Decoder","Causal language modeling","","","530B","530000","A100-80GB GPU","Uses parallelization similar to Megatron to train a LM double the size of GPT-3","https://developer.nvidia.com/megatron-turing-natural-language-generation, https://developer.nvidia.com/blog/using-deepspeed-and-megatron-to-train-megatron-turing-nlg-530b-the-worlds-largest-and-most-powerful-generative-language-model/","Limited, Non-commercial usage","Large Language Models (LLMs), transformer model"
"A General Language Assistant as a Laboratory for Alignment - Contribution","Transformer","Anthropic Assistant","2021-12-01","Anthropic","The paper introduces techniques to improve the alignment of Large Language Models (LLMs) with human values, specifically HHH--helpful, honest, and harmless. It delves into methods like context distillation and preference modeling over imitation learning. The goal is to ensure LLMs provide responses that are both relevant and in line with human expectations.","Decoder","Causal language modeling","","","13M, 42M, 197M, 810M, 2.7B, 13B, and 52B","52000","","These models do not introduce novelties at the architecture/pretraining level and they are based on GPT-3 but rather focuses on how to improve alignment through fine-tuning and prompting. Note that the Anthropic Assistant includes several models optimized for different tasks. Latest versions of this work focus on the benefits of RLHF.","","N/A","Large Language Models (LLMs), transformer model"
"GLaM: Efficient Scaling of Language Models with Mixture-of-Experts - Contribution","Transformer","GLaM","2021-12-01","Google","GLaM introduces a sparsely activated mixture-of-experts architecture, allowing it to scale to 1.2 trillion parameters while consuming only 1/3 of GPT-3's training energy. Despite its size, it achieves superior performance on 29 NLP tasks and is more energy-efficient than dense models like GPT-3.","Decoder","Causal language modeling","","AdaFactor","1.2T across 64 experts, but only 96B get activated for inference","1200000","cloud TPU-v4","GLaM introduces a Mixture of 64 Experts to increase parameter count and generalization properties in a somewhat standard decoder-only. Transformer architecture. Only two experts get activated at a time per token, which makes the model also more efficient in training and inference.","https://ai.googleblog.com/2021/12/more-efficient-in-context-learning-with.html","closed source","Large Language Models (LLMs), transformer model"
"GLIDE: Towards Photorealistic Image Generation and Editing with Text-Guided Diffusion Models - Contribution","Diffusion models","GLIDE","2021-12-01","OpenAI","The paper introduces two guidance techniques for text-guided image synthesis: CLIP guidance and classifier-free guidance. Of the two, classifier-free guidance produces higher-quality, photorealistic images that align closely with textual descriptions, outperforming previous models like DALL-E in evaluations.","Encoder","Caption prediction","","","3.5B diffusion model (2.3B for visual encoding, 1.2B for textual) + 1.5B for model for upsampling","3500","","GLIDE can be seen as an extension of the ADM (Ablated Diffusion Model) by the same authors. However, ADM is not per se a transformer architecture although it does resemble one in some of the configurations the authors use. Given that ADM is by the same authors and was quickly followed up by GLIDE, I think it is fair to consider GLIDE as the first of its kind.","","Open, MIT license","Large Language Models (LLMs), transformer model"
"Scaling Language Models: Methods, Analysis &amp; Insights from Training Gopher - Contribution","GPT","Gopher","2021-12-01","Deepmind","The paper "Scaling Language Models: Methods, Analysis & Insights from Training Gopher" emphasizes the benefits and limitations of scaling LLMs. It highlights significant performance advances with data quality and scale but notes uneven gains across tasks, especially in mathematical reasoning. The study also delves into the impact of scale on toxicity and bias in model outputs.","Decoder","Causal language modeling","","Adam optimizer","44M, 117M, 417M, 1.4B, 7.1B, and 280B","280000","TPUv3","Same as GPT-2 but use RSNorm instead of LayerNorm and relative positional encoding rather than absolute","https://www.deepmind.com/blog/language-modelling-at-scale-gopher-ethical-considerations-and-retrieval","closed source","Large Language Models (LLMs), transformer model"
"High-Resolution Image Synthesis with Latent Diffusion Models - Contribution","Diffusion","StableDiffusion","2021-12-01","EleutherAI, Stability.ai, LMU Munich","","Encoder/Decoder","Caption prediction","","","890M (although there are different, smaller, variants)","890","","Stable diffusion is basically the Latent Diffusion model developed by LMU Munich researchers + some learnings on conditional diffusion from DALL-e and Imagen","https://stability.ai/blog/stable-diffusion-public-release","open, CreativeML Open RAIL++-M License","Large Language Models (LLMs), transformer model"
"CM3: A Causal Masked Multimodal Model of the Internet - Contribution","HTLM","CM3","2022-01-01","Facebook","The CM3 model introduces a causally masked approach for generative modeling, blending the strengths of causal and masked language models. Trained on large-scale multi-modal documents, it can generate rich structured outputs and offers impressive zero-shot capabilities across text and image tasks. This innovation positions CM3 as a powerful advancement in the realm of Large Language Models.","Decoder","Causal language modeling","","Adam optimizer","125M (small), 800M (small), 2.7B (medium) and 13B (large)","13000","NVIDIA A100 GPU, Nvidia V100 GPU","This is somewhat similar to HTML in its use of structured
training data. However, it is a different architecture and uses causal
masking, which makes the model predict, at the end of the sequence,
an entire missing span of text. It also includes image input via Vector
Quantized Variational Autoencoding (VQ-VAE) tokens.","https://lilianweng.github.io/posts/2022-06-09-vlm/","N/A","Large Language Models (LLMs), transformer model"
"LaMDA: Language Models for Dialog Applications - Contribution","LaMDA-PT","LAMDA","2022-01-01","Google","LaMDA is a specialized dialog model that emphasizes safety and factual grounding. The model's innovation lies in its fine-tuning with annotated data and its ability to consult external knowledge sources. This approach aims to produce more accurate and safer dialog responses compared to traditional LLMs.","Decoder","Causal language modeling","based on multi-turn crowdsourced dialog datasets, LaMDA-PT is finetuned in a mix of generative tasks that generate response given contexts, and discriminative tasks that evaluate quality and safety of a response in context ","","137B","137000","TPUv3","LAMDA focuses on how to improve safety, quality, and groundeness using different fine-tuning strategies","https://ai.googleblog.com/2022/01/lamda-towards-safe-grounded-and-high.html, https://blog.google/technology/ai/lamda/","closed source","Large Language Models (LLMs), transformer model"
"Training language models to follow instructions with human feedback - Contribution","GPT","InstructGPT","2022-01-01","OpenAI","Better alignment of LLMs with human expectations using reinforcement learning through human feedback","Decoder","Causal language modeling","Reinforcement Learning from Human Feedback","","Same as GPT3","","","GPTInstruct starts off with a pretrained GPT3 model and adds reward modeling through reinforcement learning after a supervised finetuning","https://sh-tsang.medium.com/review-instructgpt-training-language-models-to-follow-instructions-with-human-feedback-7fce4bf9059a, https://openai.com/research/instruction-following","Closed source, accessible through API","Large Language Models (LLMs), transformer model"
"Finetuned language models are zero-shot learners - Contribution 1","LaMDA-PT","FLAN","2022-02-08","Google","The primary innovation of FLAN in the context of Large Language Models is instruction tuning, where models are finetuned on datasets described via natural language instructions. This method significantly enhances zero-shot learning abilities, with FLAN outperforming the 175B GPT-3 on numerous tasks. The approach emphasizes human-like prompts over traditional model-specific prompts used in models like GPT-3 and T5.","Decoder","","Instruction Tuning","AdaFactor","137B","137000","TPUv3","Zero-shot task learning. The output space for a given task is either one of several classes (classification) or free text (generation).","http://rylanschaeffer.github.io/blog_posts/2022-01-20-google-brain-flan.html, https://ai.googleblog.com/2021/10/introducing-flan-more-generalizable.html","Apache 2.0","Large Language Models (LLMs), transformer model"
"Training Compute-Optimal Large Language Models - Contribution","GPT","Chinchilla","2022-03-01","Deepmind","The paper "Training Compute-Optimal Large Language Models" introduces a methodology to optimally balance model size and training tokens under a fixed compute budget. The findings emphasize equal scaling of parameters and training tokens, highlighting the importance of high-quality dataset scaling. The research also underscores ethical concerns with training on vast datasets sourced from the web.","Decoder","Causal language modeling","","AdamW","70B","70000","TPUv4, TPUv3","Same as Gopher but with optimizations to reduce model size and therefore training/inference time with equal or superior performance","https://towardsdatascience.com/a-new-ai-trend-chinchilla-70b-greatly-outperforms-gpt-3-175b-and-gopher-280b-408b9b4510, https://medium.com/mlearning-ai/language-models-need-proper-training-c71484727f00","closed source","Large Language Models (LLMs), transformer model"
"DQ-BART: Efficient Sequence-to-Sequence Model via Joint Distillation and Quantization - Contribution","BART","DQ-BART","2022-03-01","Amazon","The paper introduces DQ-BART, which innovatively combines model distillation and quantization to compress sequence-to-sequence models. It uniquely initializes student models by copying specific layers from the teacher and distills both the encoder and decoder. This approach achieves significant model compression with minimal performance loss.","Encoder/Decoder","denoising autoencoder","","","Up to 30x reduction in parameters compared to standard BART","","A100 GPU","Adds quantization and distillation to a BART model to improve performance and model size","https://www.amazon.science/publications/dq-bart-efficient-sequence-to-sequence-model-via-joint-distillation-and-quantization","Open, Apache 2.0","Large Language Models (LLMs), transformer model"
"Teaching language models to support answers with verified quotes - Contribution","Gopher","GopherCite","2022-03-01","Deepmind","GopherCite, in the context of large language models, is designed to support its answers with verified quotes from sources. It employs reinforcement learning with unique training techniques and can decline to answer questions if uncertain about the quality of its response. This approach differentiates it from other models by emphasizing evidence-backed answers and selective response generation.","Decoder","Causal language modeling","","AdaFactor","280B","280000","TPUv3","GopherCite is based on Gopher but adds a step using RLHP (Reinforcement Learning from Human Preferences) to learn whether not only a response is plausible but also supported","https://www.deepmind.com/blog/gophercite-teaching-language-models-to-support-answers-with-verified-quotes","closed source","Large Language Models (LLMs), transformer model"
"Language Models that Seek for Knowledge: Modular Search & Generation for Dialogue and Prompt Completion - Contribution","GPT (but can extend any family)","SeeKer","2022-03-01","Facebook","The main innovation of the model, SeeKeR, is its modular approach that combines internet search, knowledge generation, and response generation for more factual and up-to-date outputs. This method addresses the limitations of traditional large language models by ensuring accurate and current information in responses. SeeKeR outperforms existing models in open-domain knowledge-grounded conversations.","Encoder/decoder or decoder only, depending on the base model it’s extending","LM training, Dialogue training","dialogue-based fine-tuning","Adam optimizer","SeeKeR Dialogue: 400M, 3B; SeeKeR LM: 365M, 762M,
1.5B, R2C2 BlenderBot: 400M, 3B","","Nvidia V100 GPU","SeeKer is an extension that can be applied to any Transformer architecture by introducing “search”, “knowledge”, and “response” modules that are introduced during pretraining","","the code is open sourced","Large Language Models (LLMs), transformer model"
"GLM: General language model pretraining with autoregressive blank infilling - Contribution 1","GLM (General Language Model)","GLM","2022-03-01","Tsinghua University","GLM's main innovation lies in its use of gap sentences for pretraining, along with a blank infilling objective during fine-tuning. This approach enhances the model's ability to generate coherent and contextually relevant text. By combining autoregressive decoding and text infilling, GLM achieves competitive performance on a variety of NLU tasks.","Encoder/Decoder","Auto regressive blank infilling","","Adam optimizer","Base = 110M, Large = 335M, and also 2B, 10B, 130B","130000","Nvidia V100 GPU","GLM has a bidirectional encoder and a unidirectional decoder in a unified model","http://keg.cs.tsinghua.edu.cn/glm-130b/posts/glm-130b/","Open, MIT license","Large Language Models (LLMs), transformer model"
"Multitask prompted training enables zero-shot task generalization - Contribution 1","T5","T0","2022-03-01","BigScience","The paper introduces a model named T0, based on the T5 architecture, which is trained using a unique method of mapping natural language tasks into prompted forms. This approach, combined with training on multiple prompts and datasets, enables T0 to achieve robust generalization to unseen tasks, often surpassing larger models like GPT-3 in performance. The innovation lies in the effective use of prompts and multitask training to enhance zero-shot learning capabilities.","Encoder/Decoder","Masked Language Modeling","Natural language prompts","","T0-3B: 3 billion, T0, T0p, T0pp: 11 billion","11000","TPUv3","T0 stands for "T5 for Zero Shot", obtained by fine-tuning
the T5 model on multitask mixture covering many different NLP tasks.
Compared with T0, T0p and T0pp were fine-tuned with more datasets.
T0pp is recommended as it leads (on average) to the best performances on
a variety of NLP tasks.","","Open, Apache 2.0","Large Language Models (LLMs), transformer model"
"Hierarchical Text-Conditional Image Generation with CLIP Latents - Contribution","GLIDE, CLIP","DALL-E 2","2022-04-01","OpenAI","","Encoder/Decoder","Caption prediction","","","3.5B","3500","","Combines CLIP encoder and Diffusion decoder similar to GLIDE","https://openai.com/product/dall-e-2, https://labs.openai.com/","Closed source, accessible through API","Large Language Models (LLMs), transformer model"
"Flamingo: a Visual Language Model for Few-Shot Learning - Contribution","Chinchilla","Flamingo","2022-04-01","Deepmind","Flamingo is a Visual Language Model designed to bridge powerful pretrained vision-only and language-only models, allowing it to handle sequences of interleaved visual and textual data. It's trained on large-scale multimodal web corpora with interleaved text and images, enabling rapid adaptation to new tasks using few-shot learning. This approach allows Flamingo to outperform models fine-tuned on significantly more task-specific data.","Decoder","Log likelihood of text given some visual input","","AdamW","80B (largest)","80000","TPUv4","It uses a frozen textual language model (like Chinchilla) conditioned on the visual representation, which is encoded from a Normalizer-Free ResNet","https://medium.com/geekculture/3-overlooked-things-deepminds-flamingo-a-large-model-for-computer-vision-84cd9d2f738c, https://www.deepmind.com/blog/tackling-multiple-tasks-with-a-single-visual-language-model","closed source","Large Language Models (LLMs), transformer model"
"PaLM: Scaling Language Modeling with Pathways - Contribution","PaLM","PaLM","2022-04-01","Google","To demonstrate the first large-scale use of Pathways -- a new
ML system which enables training a single model across thousands or tens of thousands of accelerator chips in a highly efficient manner. With Pathways, they trained a 540B parameter language model on 6144 TPU v4 chips at efficiency levels that could not be reached before for models of this scale. E.g., GPT-3 (175B), Gopher (280B), Megatron-Turing-NLG (530B).","Decoder","Causal language modeling","","AdaFactor","8B, 62B, and 540B","540000","TPUv4","PaLM uses a typical decoder-only transformer architecture, but adds quite a few extensions: SwiGLU activations, parallel layers, multi-query attention, RoPE embeddings, Shared Input-Output Embeddings, no biases, and a 256k SentencePiece vocabulary generated from the training data","https://blog.google/technology/ai/introducing-pathways-next-generation-ai-architecture/, https://ai.googleblog.com/2022/04/pathways-language-model-palm-scaling-to.html","closed source","Large Language Models (LLMs), transformer model"
"GPT-NeoX-20B: An Open-Source Autoregressive Language Model - Contribution","GPT","GPT-NeoX-20B","2022-04-01","EleutherAI","GPT-NeoX-20B is a 20 billion parameter autoregressive language model with notable architectural differences from GPT-3, including the use of rotary positional embeddings. It excels in few-shot reasoning and is distinctively open-sourced, making it a significant contribution to the public research community. The model was trained on the Pile dataset.","Decoder","Causal language modeling","","ZeRO, AdamW","20B","20000","AMD EPYC 7532 CPU, A100-SXM4-40GB GPU","Similar to GPT-3 with rotary encoders instead of positional, parallel attention and feed forward layers, different initialization, and all dense layers instead of alternate dense/sparse","https://blog.eleuther.ai/announcing-20b/","Apache 2.0","Large Language Models (LLMs), transformer model"
"A Generalist Agent - Contribution","“Control Transformers” (not per se a family, but grouping here those transformers that try to model more general control, RL-like, tasks)","Gato","2022-05-01","Deepmind","Gato is a multi-modal, multi-task agent inspired by Large Language Models, capable of handling diverse tasks like playing games, captioning images, and robotics using a single neural network. It employs a unique tokenization approach to process varied data types, from text to images. This innovation allows Gato to generalize across a vast range of tasks, setting a new standard in the realm of LLMs.","Decoder","CLM (where tokens are either text or agent actions)","","Adam optimizer","79M, 364M, and 1.18B","1180","","The standard decoder-only transformer architecture is preceded by an embedding layer that can embed text and images, plus add position encodings to add spatial information when applicable.","https://www.deepmind.com/blog/a-generalist-agent, https://www.deepmind.com/publications/a-generalist-agent","closed source","Large Language Models (LLMs), transformer model"
"OPT: Open Pre-trained Transformer Language Models - Contribution","GPT","OPT","2022-05-01","Facebook","The authors introduced OPT, a collection of auto-regressive language models ranging from 125M to 175B parameters, replicating GPT-3's performance. They applied the latest best practices in data curation and training efficiency and emphasized the importance of community collaboration for responsible LLM guidelines and ethical considerations.","Decoder","Causal language modeling","","AdamW","125M, 350M, 1.3B, 2.7B, 6.7B, 13B, 30B, 66B, and 175B","175000","A100-80GB GPU","Basically same architecture as GPT-3 but with some training improvements introduced in Megatron-LM","https://ai.facebook.com/blog/democratizing-access-to-large-scale-language-models-with-opt-175b/","MIT license","Large Language Models (LLMs), transformer model"
"Ul2: Unifying language learning paradigms - Contribution 1","Transformer","UL2","2022-05-01","Google","The paper introduces the UL2 model, a unified framework for pre-training in NLP, featuring a novel Mixture-of-Denoisers (MoD) objective. This objective smoothly integrates various pre-training paradigms, such as span corruption and prefix language modeling. Additionally, UL2 introduces dynamic "mode switching" between different denoisers and showcases superior performance across diverse NLP tasks.","Encoder/Decoder","Mixture-of-Denoisers, which combines diverse pretraining
paradigms together","","AdaFactor","20B","20000","TPUv4","UL2-20B (Unifying Language Learning) can be interpreted as
a model that is quite similar to T5 but trained with a different objective
and slightly different scaling knobs.","https://blog.research.google/2022/10/ul2-20b-open-source-unified-language.html","Open, Apache 2.0","Large Language Models (LLMs), transformer model"
"Global Context Vision Transformers - Contribution","ViT","Global Context ViT","2022-06-01","NVidia","The Global Context Vision Transformer (GC ViT) introduces a hierarchical structure optimized for compute and parameter efficiency. It employs global query tokens for capturing contextual information and a novel downsampling module with Fused MB-Conv blocks to enhance inter-channel dependencies. These innovations lead to state-of-the-art performance across various computer vision tasks.","Encoder","Image Classification","","AdamW","90M","90","NVIDIA A40 GPU, NVIDIA A100 GPU","hierarchical ViT architecture consisting of local and global self-attention modules","https://towardsdatascience.com/global-context-vision-transformers-nvidias-new-sota-image-model-2923bdaf438e","Limited, non-commercial license CC-BY-NC-SA-4.0","Large Language Models (LLMs), transformer model"
"Photorealistic Text-to-Image Diffusion Models with Deep Language Understanding - Contribution","Diffusion models, CLIP, T5","Imagen","2022-06-01","Google","The "Imagen" model innovatively merges transformer language models with high-fidelity diffusion techniques to produce photorealistic images from text descriptions. This demonstrates that embeddings from text-only pretrained large language models are highly effective for text-to-image synthesis.","T5 (or CLIP or BERT) for frozen text encoder + U-net architecture for cascaded diffusion models for text to image","image/text pair prediction","","AdaFactor","2B","2000","TPUv4","Imagen adds a few extensions to the U-net diffusion architecture (pooled embedding vector, cross attention over text embeddings, and Layer Normalizations)","https://imagen.research.google/","closed source","Large Language Models (LLMs), transformer model"
"Solving Quantitative Reasoning Problems with Language Models - Contribution","PaLM","Minerva","2022-06-01","Google","","Decoder","Causal language modeling","","","540B","540000","","Extends PaLM by fine-tuning on the mathematical dataset","https://ai.googleblog.com/2022/06/minerva-solving-quantitative-reasoning.html","closed source","Large Language Models (LLMs), transformer model"
"Godel: Large-scale pre-training for goal-directed dialog - Contribution 1","GPT, T5","Godel","2022-06-01","Microsoft","The main innovation of the "Godel" model lies in its novel approach to integrating external knowledge into dialogue generation using a knowledge selection mechanism. This enables the model to produce contextually relevant and accurate responses by incorporating relevant information from external sources, enhancing the capabilities of LLMs in generating grounded and informed dialogues.","Decoder","Causal language modeling","","","220M (base), 770M (large), and 175B (XL)","175000","Nvidia V100 GPU","In contrast
with earlier models such as DialoGPT,
GODEL leverages a new phase of grounded
pre-training designed to better support adapting
GODEL to a wide range of downstream
dialog tasks that require information external
to the current conversation (e.g., a database
or document) to produce good responses.","https://www.microsoft.com/en-us/research/blog/godel-combining-goal-oriented-dialog-with-real-world-conversations/","MIT License","Large Language Models (LLMs), transformer model"
"BLOOM: A 176B-Parameter Open-Access Multilingual Language Model - Contribution","GPT","BLOOM","2022-07-01","Huggingface, Big Science","BLOOM is an open-access Large Language Model (LLM) collaboratively designed by hundreds of researchers. Trained on the ROOTS corpus with 59 languages, it achieves competitive performance, especially after multitask prompted finetuning. The model and code are publicly released under the Responsible AI License.","Decoder","Causal language modeling","","Adam optimizer","560m, 1.1B, 1.7B, 3B, 7.1B, and 176B","176000","A100-80GB GPU","Main difference to GPT-3 is that it uses full attention instead of sparse attention","https://huggingface.co/blog/bloom-megatron-deepspeed, https://huggingface.co/blog/bloom-inference-pytorch-scripts, https://huggingface.co/blog/bloom-inference-optimization","Open, but need to follow restrictions in Attachment A, BigScience
RAIL License v1.0","Large Language Models (LLMs), transformer model"
"BlenderBot 3: a deployed conversational agent that continually learns to responsibly engage - Contribution","GPT","BlenderBot 3","2022-08-01","Facebook","BlenderBot 3 enhances its predecessor by grounding conversations with internet-based knowledge retrieval. It emphasizes fine-tuning with diverse datasets and incorporates advanced safety mechanisms, while also focusing on continual learning from public deployments.","Decoder","Causal language modeling","","Adam optimizer","3B, 30B and 175B","175000","NVIDIA V100 (32GB) GPUs, A100-40GB GPU","BlenderBot 3 is based on a pre-trained OPT. It adds features needed for a dialog agent such as long-term memory or the ability to search the internet. It is also fine-tuned for some specific tasks given human feedback on them.","https://ai.facebook.com/blog/blenderbot-3-a-175b-parameter-publicly-available-chatbot-that-improves-its-skills-and-safety-over-time/","Limited, non-commercial, research only","Large Language Models (LLMs), transformer model"
"Alexatm 20b: Few-shot learning using a large-scale multilingual seq2seq model - Contribution 1","transformer","AlexaTM 20B","2022-08-01","Amazon","The paper introduces AlexaTM 20B, the largest multilingual seq2seq model, trained on denoising and Causal Language Modeling tasks. This model excels at in-context learning with long contexts and showcases efficiency by outperforming much larger models like GPT3 175B in certain benchmarks. Additionally, it emphasizes a new paradigm for one-shot machine translation, especially for low-resource languages.","Encoder/Decoder","Optimizes denoising (80%) and Prefix LM (20%)","","Adam optimizer","20B","20000","NVIDIA A100 GPU","Derived from BART and layernorms located exactly at the beginning of each layer. Encoder initialized with internal 10B pre-trained
encoder.","https://www.amazon.science/blog/20b-parameter-alexa-model-sets-new-marks-in-few-shot-learning","Limited, non-commercial","Large Language Models (LLMs), transformer model"
"Improving alignment of dialogue agents via targeted human judgements - Contribution","GPT","Sparrow","2022-09-01","Deepmind","Sparrow, developed by DeepMind, introduces innovations in the context of LLMs by utilizing targeted human judgments for alignment. It employs a unique approach of using a single external knowledge fragment for evidence and focuses on breaking down goals into detailed rules, enhancing the model's helpfulness and accuracy in responses. The model also integrates techniques like self-play, search, and fine-grained rules to shape its behavior.","Decoder","Causal language modeling","Supervised fine-tuning (SFT)","AdaFactor","70B","70000","TPUv3","Starts from the Chinchilla 70B model but adds RLHF (Reinforcement Learning with Human Feedback). It also adds inline evidence a la GopherCite","https://www.deepmind.com/blog/building-safer-dialogue-agents, https://medium.com/to-cut-a-long-paper-short/sparrow-improving-alignment-of-dialogue-agents-via-targeted-human-judgments-e0876402d800","closed source","Large Language Models (LLMs), transformer model"
"Scaling instruction-finetuned language models - Contribution 1","T5","Flan-T5","2022-11-01","Google","this paper explores instruction finetuning
with a particular focus on (1) scaling the number of tasks (1.8K fine-tuning tasks), (2) scaling the model size, and (3) finetuning on
chain-of-thought data. This approach is compatible with various model sizes and architectures, with Flan-T5 models notably outperforming baseline T5 models.","Encoder/Decoder","Span Corruption","Instruction Tuning","AdaFactor","80M (Flan-T5-Small), 250M (Flan-T5-Base), 780M (FLan-T5-Large), 3B (Flan-T5-XL), and 11B (Flan-T5-XXL).","11000","TPUv3","instruction finetuning
with a particular focus on (1) scaling the number of tasks, (2) scaling the model size, and (3) finetuning on
chain-of-thought data","https://ai.googleblog.com/2023/02/the-flan-collection-advancing-open.html","Apache 2.0","Large Language Models (LLMs), transformer model"
"Scaling instruction-finetuned language models - Contribution 2","PaLM","Flan-PaLM","2022-11-01","Google","The paper introduced an extended instruction fine-tuning for the Flan-PaLM model, scaling it to a 540B-parameter size and 1.8K fine-tuning tasks. They incorporated chain-of-thought (CoT) data, which enhanced performance across evaluations. This approach is compatible with various model sizes and architectures","Decoder","Causal language modeling","Instruction Tuning","AdaFactor","8B, 62B, 540B","540000","TPUv4","Flan-PaLM is generated by "Flan Finetuning" the PaLM
models: (1) scaling the number of tasks to 1,836, (2) scaling the model
size, and (3) finetuning on chain-of-thought data.","","closed source","Large Language Models (LLMs), transformer model"
"Galactica: A large language model for science - Contribution 1","transformer","Galactica","2022-11-01","Meta","Galactica is designed to revolutionize the way we access scientific knowledge, moving beyond the traditional store-and-retrieve approach. It efficiently absorbs technical knowledge, including complex LaTeX equations and chemical reactions, and demonstrates superior context-associative capabilities over traditional search engines. This model's architecture and approach highlight its potential to serve as a new, more efficient interface for scientific inquiry.","Decoder","Causal language modeling","","AdamW","mini: 125M, base: 1.3B, standard: 6.7B, large: 30B,
huge: 120B","120000","A100-80GB GPU","Transformer based architecture in a decoder-only setup with
a few modifications. Data extensions include special tokens for working
memory, citations, genetic data, and a few other biology related tasks.","https://galactica.org/","Limited, non-commerical CC BY-NC 4.0 license","Large Language Models (LLMs), transformer model"
"Introducing ChatGPT - Contribution 1","GPT","ChatGPT","2022-11-30","OpenAI","trained using Reinforcement Learning from Human Feedback (RLHF) to obtain better model alignment, It can generate upto 3000 words (equivalent to 6 pages), Supports input context length of 2048 tokens","Decoder","Causal language modeling","Step 3. RLHF using Proximal Policy Optimization, Step 2. Collect comparison data and train a reward model, Step 1. Supervized fine-tuning","","175B","175000","","","https://openai.com/blog/chatgpt","Closed source, accessible through API","transformer model, Large Language Models (LLMs)"
"Text Embeddings by Weakly-Supervised Contrastive Pre-training - Contribution 1","BERT","E5","2022-12-01","Microsoft","The paper introduces E5, a text embedding model trained contrastively using a curated dataset named CCPairs. A unique consistency-based filtering refines this dataset, ensuring high-quality training data. E5's efficiency allows it to match or outperform much larger models in various tasks.","Encoder","Contrastive pretraining","Supervised fine-tuning (SFT)","AdamW","300M","300","Nvidia V100 GPU","Fine-tunes BERT-based models to create text string embeddings
optimized for semantic relatedness","https://blog.vespa.ai/simplify-search-with-multilingual-embeddings/","Open, MIT license","Large Language Models (LLMs), transformer model"
"One Embedder, Any Task: Instruction-Finetuned Text Embeddings - Contribution 1","T5","InstructOR","2022-12-01","Meta AI, University of Washington, University of Hong Kong","InstructOR is built on the GTR model architecture, initialized from T5 models, and fine-tuned on information search datasets. It uses a single encoder to encode input text and task instructions. The training objective distinguishes between good and bad candidate outputs based on their cosine similarity in embeddings.","Encoder/Decoder","","Wide variety of instruction based text-to-text tasks","AdamW","330M","330","A100-40GB GPU","Fine-tunes T5 explicitly to optimize encoder to produce a
general purpose text string embedding useful for many NLU tasks.","https://pub.towardsai.net/paper-review-instructor-one-embedder-any-task-6a846b0d3ba","Open, Apache 2.0","Large Language Models (LLMs), transformer model"
"LLaMA: Open and Efficient Foundation Language Models - Contribution 1","LLaMa","LLaMA","2023-02-27","Meta AI","The LLaMA models prioritize efficiency, with LLaMA-13B outperforming larger models like GPT-3 using fewer parameters. They exclusively train on publicly available data, emphasizing both inference efficiency and democratizing access to powerful language models.","Decoder","Language Modeling","instructions","AdamW","6.7B, 13.0B, 32.5B, and 65.2B","65200","A100-80GB GPU","LLaMA uses a Transformer architecture, and with extensions:
Pre-normalization, SwiGLU activations, RoPE embeddings, reduced
memory usage and runtime through efficient implementation of the causal
multi-head attention, checkpointing to reduce the amount of activations
that are recomputed during the backward pass, model and sequence parallelism
to reduce memory usage of the model, and uses 1.4T BPE tokens
after tokenization.","https://ai.facebook.com/blog/large-language-model-llama-meta-ai/","Limited, Non-commercial bespoke license","Large Language Models (LLMs), transformer model"
"Alpaca: A strong, replicable instruction-following model - Contribution 1","LLaMa","Alpaca","2023-03-01","Stanford University","Alpaca 7B is fine-tuned from the LLaMA 7B model on 52K instruction-following demonstrations. On preliminary evaluation of single-turn instruction following, Alpaca behaves qualitatively similarly to OpenAI’s text-davinci-003, while being surprisingly small and easy/cheap to reproduce (<600$).","Decoder","","supervized open-domain instruction finetuning","","7B, 13B, 33B, 65B","65000","A100-80GB GPU","Alpaca is fine-tuned from a 7B LLaMA model","https://medium.com/version-1/stanford-alpaca-a-small-yet-mighty-language-model-for-instruction-following-tasks-af9e92e87d9a","Limited, non-commercial license CC-BY-NC-SA-4.0","Large Language Models (LLMs), transformer model"
"Pythia: A suite for analyzing large language models across training and scaling - Contribution 1","Pythia","Pythia","2023-03-13","EleutherAI","The paper introduces Pythia, a suite of 16 Large Language Models (LLMs) trained on consistent public data, spanning from 70M to 12B parameters. Pythia provides public access to 154 checkpoints for each model, facilitating research into LLM training dynamics, memorization, and bias reduction. This unique setup offers novel insights into LLM behavior and evolution.","Decoder","Causal language modeling","","ZeRO, Adam","70M, 160M, 410M, 1B, 1.4B, 2.8B, 6.9B, 12B","12000","A100-40GB GPU","Trained with the library GPT-NeoX","https://www.eleuther.ai/papers-blog/pythia-a-suite-for-analyzing-large-language-modelsacross-training-and-scaling","Apache 2.0","Large Language Models (LLMs), transformer model"
"GPT-4 Technical Report - Contribution 1","GPT","GPT-4","2023-03-14","OpenAI","It can generate upto 24000 words (equivalent to 48 pages), Supports input context length between 8192 and 32,768 tokens depending on the model version","Decoder","Causal language modeling","Reinforcement Learning from Human Feedback, Rule-Based Reward Model","","170T","170000000","","a large-scale, multimodal model which can
accept image and text inputs and produce text outputs","https://openai.com/research/gpt-4","Closed source, accessible through API","transformer model, Large Language Models (LLMs)"
"Vicuna: An Open-Source Chatbot Impressing GPT-4 with 90%* ChatGPT Quality - Contribution 1","LLaMa","Vicuna","2023-03-30","Large Model Systems Organization","Vicuna is an open-source chatbot trained by fine-tuning LLaMA on user-shared conversations collected from ShareGPT. Preliminary evaluation using GPT-4 as a judge shows Vicuna-13B achieves more than 90%* quality of OpenAI ChatGPT and Google Bard while outperforming other models like LLaMA and Stanford Alpaca in more than 90%* of cases.","Decoder","","supervized open-domain instruction finetuning","","7B, 13B, 33B","33000","A100-80GB GPU"," stable-vicuna-13b-delta, Vicuna v1.3 is fine-tuned from LLaMA with supervised instruction fine-tuning.","https://lmsys.org/blog/2023-03-30-vicuna/"," Non-commercial license","transformer model, Large Language Models (LLMs)"
"WizardLM: Empowering Large Language Models to Follow Complex Instructions - Contribution 1","LLaMa","WizardLM","2023-04-24","Microsoft","The paper introduces the Evol-Instruct methodology, allowing Large Language Models (LLMs) to autonomously generate diverse instructional data. This innovation shifts away from traditional human-generated instructions, leading to more robust models. The resulting model, WizardLM, demonstrated superior performance, highlighting the effectiveness of this approach.","Decoder","","supervized open-domain complex instruction finetuning","Adam optimizer","7B","7000","Nvidia V100 GPU","Evol-Instruct","https://medium.com/@preangelleo/wizardlm-enhancing-large-language-models-with-ai-evolved-instructions-7fd4425afe80"," Non-commercial license","Large Language Models (LLMs), transformer model"
"WizardMath: Empowering Mathematical Reasoning for Large Language Models via Reinforced Evol-Instruct - Contribution 1","LLaMa","WizardMath","2023-04-24","Microsoft","The main innovation of WizardMath in the context of Large Language Models (LLMs) is its enhanced mathematical reasoning capabilities. Through a case study, the model demonstrated its ability to solve complex problems using step-by-step reasoning, showcasing its advancement over other LLMs in mathematical tasks.","Decoder","","Reinforcement Learning from Evol-Instruct Feedback","","7B, 13B, and 70B","70000","","it  enhances the mathematical reasoning abilities for open-source pretrained large language model Llama-2","https://ollama.ai/blog/wizardmath-examples"," Non-commercial license","Large Language Models (LLMs), transformer model"
"Introducing MPT-7B: A New Standard for Open-Source, Commercially Usable LLMs - Contribution 1","MosaicPretrainedTransformer (MPT) models","MPT-7B","2023-05-05","MosaicML","MosaicML tries to provide a commercially-usable, open-source model that matches (and - in many ways - surpasses) LLaMA-7B. It is trained on a large amount of data (1T tokens like LLaMA).","Decoder","Language Modeling","Conversations for the Chat model, Short instructions for the Instruct model, Excerpts of fiction books for StoryWriter","LION","7B","7000","A100-40GB GPU","MPT-7B-Chat, MPT-7B-Instruct, MPT-7B-StoryWriter-65k+","https://www.youtube.com/watch?v=KSlWkrByc0o&t=9s, https://www.mosaicml.com/blog/mpt-7b","Apache 2.0","Large Language Models (LLMs), transformer model"
"StarCoder: may the source be with you! - Contribution 1","SantaCoder","StarCoderBase, StarCoder","2023-05-09","BigCode Project","StarCoder introduces novel features like an 8K context length, Fill-in-the-Middle (FIM) infilling, and Multi-Query-Attention (MQA) for fast inference. It outperforms other open LLMs for code and matches the OpenAI code-cushman-001 model. Additionally, it emphasizes safe open model release with improved PII redaction and an integrated attribution tool.","Decoder","","Python-specific variant","Adam optimizer","15.5B","15500","A100-80GB GPU","","https://huggingface.co/blog/starcoder","OpenRAIL-M license","Large Language Models (LLMs), transformer model"
"Falcon-40B: an open large language model with state-of-the-art performance - Falcon","transformer","Falcon","2023-05-25","Technology Innovation Institute","Falcon-7B and Falcon-40B have been trained on 1.5 trillion and 1 trillion tokens respectively, in line with modern models optimising for inference. The key ingredient for the high quality of the Falcon models is their training data, predominantly based (>80%) on RefinedWeb — a novel massive web dataset based on CommonCrawl. Another interesting feature of the Falcon models is their use of multiquery attention.","Decoder","Causal language modeling","","AdamW","7B, 40B","40000","A100-40GB GPU","Falcon-Instruct","https://huggingface.co/blog/falcon","Apache 2.0","transformer model, Large Language Models (LLMs)"
"Orca: Progressive learning from complex explanation traces of gpt-4 - Contribution 1","LLaMa","Orca","2023-06-05","Microsoft","The main innovation of the Orca model is Explanation Tuning, which leverages detailed explanations rather than just input-response pairs for training. This approach enhances the model's reasoning capabilities, using system instructions from GPT-4 and ChatGPT as a teaching assistant for generating explanations.","Decoder","","Explanation tuning","","13B","13000","A100-80GB GPU","finetuning on complex explanation traces obtained from GPT-4","https://www.microsoft.com/en-us/research/publication/orca-progressive-learning-from-complex-explanation-traces-of-gpt-4/"," Non-commercial license","Large Language Models (LLMs), transformer model"
"WizardCoder: Empowering Code Large Language Models with Evol-Instruct - Contribution 1","StarCoder","WizardCoder","2023-06-14","Microsoft","The paper introduces WizardCoder, a model that empowers Code Large Language Models with complex instruction fine-tuning using the Evol-Instruct method tailored for code. This innovation allows WizardCoder to surpass other open-source Code LLMs and even outperform major closed LLMs on key benchmarks. The model fills a gap in the field by emphasizing instruction fine-tuning specifically for the code domain.","Decoder","","supervized complex code-based instruction finetuning","","1B, 3B, 7B, 13B, 15B, and 34B","34000","","Code Evol-Instruct",""," Non-commercial license","Large Language Models (LLMs), transformer model"
"OpenLLaMA: An Open Reproduction of LLaMA - version1","LLaMa","OpenLLaMA v1","2023-06-16","Berkeley AI Research","The only difference between OpenLLaMA setting and the original LLaMA is the dataset used: OpenLLaMA employs open datasets rather than the one utilized by the original LLaMA.","Decoder","Causal language modeling","","AdamW","3B, 7B, 13B","13000","cloud TPU-v4","public preview of OpenLLaMA, a permissively licensed open source reproduction of Meta AI’s LLaMA.","https://github.com/openlm-research/open_llama","Apache 2.0","transformer model, Large Language Models (LLMs)"
"Introducing MPT-30B: Raising the bar for open-source foundation models - Contribution 1","MosaicPretrainedTransformer (MPT) models","MPT-30B","2023-06-22","MosaicML","","Decoder","Language Modeling","Finetuning on longer context data using sample subsets of datasets only samples with at least 4096 tokens of instances in base model dataset for the 8K context window model, A large collection of chat datasets for the Chat model, Instructions following for the Instruct model","LION","30B","30000","A100-40GB GPU, H100-80GB GPU","MPT-30B-Chat, MPT-30B-Instruct, MPT-30B 8k Context Window","https://www.mosaicml.com/blog/mpt-30b","Apache 2.0","transformer model, Large Language Models (LLMs)"
"OpenLLaMA: An Open Reproduction of LLaMA - version2","LLaMa","OpenLLaMA v2","2023-07-16","Berkeley AI Research","","Decoder","Causal language modeling","","AdamW","3B, 7B","7000","cloud TPU-v4","public preview of OpenLLaMA, a permissively licensed open source reproduction of Meta AI’s LLaMA.","https://github.com/openlm-research/open_llama","Apache 2.0","transformer model, Large Language Models (LLMs)"
"Llama 2: Open Foundation and Fine-Tuned Chat Models - Contribution 1","LLaMa","Llama 2","2023-07-18","Meta AI","The paper introduces Llama 2-Chat, a fine-tuned Large Language Model optimized for dialogue use cases, ranging from 7 billion to 70 billion parameters. It outperforms most open-source chat models and emphasizes safety through specific data annotation and tuning. , The primary architectural differences from Llama 1 include increased context length
and grouped-query attention (GQA).","Decoder","Self-supervized Learning","both instruction tuning and reinforcement learning from human feedback for Llama-2-Chat","AdamW","7B, 13B, 34B, 70B","70000","A100-80GB GPU","Llama-2-Chat","https://ai.meta.com/blog/llama-2/, https://ai.meta.com/resources/models-and-libraries/llama/","Llama 2 Community License Agreement","Large Language Models (LLMs), transformer model"
"Jais and Jais-chat: Arabic-Centric Foundation and Instruction-Tuned Open Generative Large Language Models - Contribution 1","GPT","JAIS","2023-08-30","Cerebras, Mohamed bin Zayed University of Artificial Intelligence, Inception","The paper introduces Jais and Jais-chat, state-of-the-art Arabic-centric LLMs. These models are trained bilingually with Arabic and English, addressing the underrepresentation of Arabic in the LLM space. They combine specialized Arabic text processing with advanced model architectures, offering superior performance in Arabic while remaining competitive in English.","Decoder","Causal language modeling","Instruction Tuning","AdamW","1.3B, 6.7B, and 13B","13000","Condor Galaxy 1 AI supercomputer","Jais-chat","https://inceptioniai.org/jais/","Apache 2.0","Large Language Models (LLMs), transformer model"
"Gemini: A Family of Highly Capable Multimodal Models - Contribution 1","Transformer","Gemini","2023-12-06","Google","The technical report presents an extensive exploration of the Gemini model family's capabilities across various benchmarks, including text, images, audio, and video tasks. It showcases the models' proficiency in multi-modal reasoning, answering diverse prompts, and performing tasks such as chart understanding, image generation, and code creation.","Decoder","Multimodal modeling","Video understanding, Text understanding, Image understanding","","Nano-1=1.8B , Nano-2=3.25B","","TPUv5e, TPUv4","","https://deepmind.google/technologies/gemini/#introduction","","Multimodal models"
"The Llama 3 Herd of Models - Llama 3","LLaMa","Llama 3","2024-04-18","Meta AI","The model is trained on a dataset of over 15 trillion tokens, seven times larger than that of Llama 2, enhancing its knowledge base and performance.","Decoder","next token prediction","Direct Preference Optimization (DPO), Supervised fine-tuning (SFT)","AdamW","8B, 70B","70000","H100-80GB GPU","Llama 3-Guard, Llama 3-Instruct","https://ai.meta.com/blog/meta-llama-3/","META LLAMA 3 COMMUNITY LICENSE AGREEMENT","transformer model, Large Language Models (LLMs)"
"The Llama 3 Herd of Models - Llama 3.1","LLaMa","Llama 3.1","2024-07-23","Meta AI","Mathematical computational engine. Llama 3 can use the Wolfram Alpha API to more accurately solve math, science problems, or retrieve accurate information from Wolfram’s database., Python interpreter. Llama 3 can generate and execute code to perform complex computations, read files uploaded by the user and solve tasks based on them such as question answering, summarization, data analysis or visualization., Search engine. Llama 3 is trained to use Brave Search to answer questions about recent events that go beyond its knowledge cutoff or that require retrieving a particular piece of information from the web.","Decoder","The recipe used to pre-train Llama 3 405B consists of three main stages: (1) initial pre-training, (2) long-context pre-training, and (3) annealing., next token prediction","Direct Preference Optimization (DPO), Supervised fine-tuning (SFT)","AdamW","8B, 70B, 405B","405000","H100-80GB GPU","Llama 3.1-Guard, Llama 3.1-Instruct","https://ai.meta.com/blog/meta-llama-3-1/","https://www.llama.com/llama3_1/license/","transformer model, Large Language Models (LLMs)"
"The Llama 3 Herd of Models - Llama 3.2","LLaMa","Llama 3.2","2024-09-25","Meta AI","The two largest vision models of the Llama 3.2 collection, 11B and 90B, support image reasoning use cases, such as document-level understanding including charts and graphs, captioning of images, and visual grounding tasks such as directionally pinpointing objects in images based on natural language descriptions, includes small and medium-sized vision LLMs (11B and 90B), and lightweight, text-only models (1B and 3B) that fit onto edge and mobile devices. The Llama 3.2 instruction-tuned text only models are optimized for multilingual dialogue use cases, including agentic retrieval and summarization tasks. The lightweight 1B and 3B models are highly capable with multilingual text generation and tool calling abilities.","Decoder","Quantization-Aware Training and LoRA","Rejection Sampling (RS), Direct Preference Optimization (DPO), Supervised fine-tuning (SFT)","AdamW","1B, 3B, 11B, 90B","3000","H100-80GB GPU","Llama Guard-3, Llama 3.2-Vision, Llama 3.2-Instruct, Llama 3.2-Vision-Instruct","https://ai.meta.com/blog/llama-3-2-connect-2024-vision-edge-mobile-devices/","https://www.llama.com/llama3_2/license/","transformer model, Large Language Models (LLMs)"
"The Llama 3 Herd of Models - Llama 3.3","LLaMa","Llama 3.3","2024-12-06","Meta AI","New state-of-the-art 70B model from Meta that offers similar performance compared to Llama 3.1 405B model. The Meta Llama 3.3 multilingual large language model (LLM) is a pretrained and instruction tuned generative model in 70B (text in/text out). ","Decoder","next token prediction","Direct Preference Optimization (DPO), Supervised fine-tuning (SFT)","AdamW","70B","70000","H100-80GB GPU","Llama 3.3-Instruct","https://aws.amazon.com/blogs/machine-learning/llama-3-3-70b-now-available-in-amazon-sagemaker-jumpstart/, https://www.together.ai/blog/llama-3-3","https://www.llama.com/llama3_3/license/","transformer model, Large Language Models (LLMs)"